<?xml version='1.0' encoding='utf-8'?>
<scene xmlns:sumo="https://www.sumochallenge.org"><version>2.0</version><categories><id>fb_categories_v1_0</id><url>https://sumochallenge.org/en/categories-1_0.json</url></categories><project_type>meshes</project_type><elements><element><id>1087</id><category>chandelier</category><bounds><corner1>-0.51499999, -0.25157732, -0.49000001</corner1><corner2> 0.51499999,  0.25157732,  0.49000001</corner2></bounds><pose><translation>-2.66136099,  0.93429875,  1.93974878</translation><rotation><c1> 1.,  0.,  0.</c1><c2> 0.,  1.,  0.</c2><c3> 0.,  0.,  1.</c3></rotation></pose><symmetry><x>none</x><y>cylindrical</y><z>none</z></symmetry><detectionScore>-1.0</detectionScore></element><element><id>1086</id><category>door</category><bounds><corner1>-0.94999999, -1.05999994, -0.38499969</corner1><corner2> 0.94999999,  1.05999994,  0.38499969</corner2></bounds><pose><translation> 2.22651   , -0.42000013,  0.21690031</translation><rotation><c1>  2.22044605e-16,   0.00000000e+00,   1.00000000e+00</c1><c2> 0.,  1.,  0.</c2><c3> -1.00000000e+00,   0.00000000e+00,   2.22044605e-16</c3></rotation></pose><symmetry><x>twoFold</x><y>twoFold</y><z>twoFold</z></symmetry><detectionScore>-1.0</detectionScore></element><element><id>1085</id><category>mirror</category><bounds><corner1>-0.48500001, -0.48500001, -0.03005145</corner1><corner2> 0.48500001,  0.48500001,  0.03005145</corner2></bounds><pose><translation> 1.07719786,  0.21500003, -1.01804925</translation><rotation><c1> 1.,  0.,  0.</c1><c2> 0.,  1.,  0.</c2><c3> 0.,  0.,  1.</c3></rotation></pose><symmetry><x>none</x><y>none</y><z>cylindrical</z></symmetry><detectionScore>-1.0</detectionScore></element><element><id>1084</id><category>plant</category><bounds><corner1>-0.31029248, -0.34539199, -0.315972  </corner1><corner2> 0.31029248,  0.34539199,  0.315972  </corner2></bounds><pose><translation> 1.37370574, -0.2652176 , -0.75842444</translation><rotation><c1> 1.,  0.,  0.</c1><c2> 0.,  1.,  0.</c2><c3> 0.,  0.,  1.</c3></rotation></pose><symmetry><x>none</x><y>cylindrical</y><z>none</z></symmetry><detectionScore>-1.0</detectionScore></element><element><id>1083</id><category>picture_frame</category><bounds><corner1>-0.075     , -0.06059358, -0.04222665</corner1><corner2> 0.075     ,  0.06059358,  0.04222665</corner2></bounds><pose><translation> 0.97719939, -0.54930659, -0.91616981</translation><rotation><c1> 1.,  0.,  0.</c1><c2> 0.,  1.,  0.</c2><c3> 0.,  0.,  1.</c3></rotation></pose><symmetry><x>none</x><y>none</y><z>none</z></symmetry><detectionScore>-1.0</detectionScore></element><element><id>1082</id><category>picture_frame</category><bounds><corner1>-0.075     , -0.06059358, -0.04222665</corner1><corner2> 0.075     ,  0.06059358,  0.04222665</corner2></bounds><pose><translation> 0.79719908, -0.54930659, -0.79617469</translation><rotation><c1> 1.,  0.,  0.</c1><c2> 0.,  1.,  0.</c2><c3> 0.,  0.,  1.</c3></rotation></pose><symmetry><x>none</x><y>none</y><z>none</z></symmetry><detectionScore>-1.0</detectionScore></element><element><id>1081</id><category>picture_frame</category><bounds><corner1>-0.075     , -0.06059358, -0.04222665</corner1><corner2> 0.075     ,  0.06059358,  0.04222665</corner2></bounds><pose><translation> 0.61719878, -0.54930659, -0.68617027</translation><rotation><c1> 1.,  0.,  0.</c1><c2> 0.,  1.,  0.</c2><c3> 0.,  0.,  1.</c3></rotation></pose><symmetry><x>none</x><y>none</y><z>none</z></symmetry><detectionScore>-1.0</detectionScore></element><element><id>1080</id><category>dresser</category><bounds><corner1>-0.61000001, -0.41969401, -0.27500001</corner1><corner2> 0.61000001,  0.41969401,  0.27500001</corner2></bounds><pose><translation> 1.04719908, -1.03030596, -0.78810076</translation><rotation><c1> 1.,  0.,  0.</c1><c2> 0.,  1.,  0.</c2><c3> 0.,  0.,  1.</c3></rotation></pose><symmetry><x>none</x><y>none</y><z>none</z></symmetry><detectionScore>-1.0</detectionScore></element><element><id>51</id><category>wall</category><bounds><corner1>-1.40000153, -1.36749995, -0.02500153</corner1><corner2> 1.39999771,  1.36749995,  0.02499771</corner2></bounds><pose><translation> 1.15719969, -0.13250005,  1.46690031</translation><rotation><c1> 1.,  0.,  0.</c1><c2> 0.,  1.,  0.</c2><c3> 0.,  0.,  1.</c3></rotation></pose><symmetry><x>none</x><y>twoFold</y><z>none</z></symmetry><detectionScore>-1.0</detectionScore></element><element><id>1089</id><category>curtain</category><bounds><corner1>-1.42999983, -0.84975499, -0.0950629 </corner1><corner2> 1.42999983,  0.84975499,  0.0950629 </corner2></bounds><pose><translation>-5.14273675,  0.29975498,  1.31189771</translation><rotation><c1>  2.22044605e-16,   0.00000000e+00,  -1.00000000e+00</c1><c2> 0.,  1.,  0.</c2><c3>  1.00000000e+00,   0.00000000e+00,   2.22044605e-16</c3></rotation></pose><symmetry><x>none</x><y>twoFold</y><z>none</z></symmetry><detectionScore>-1.0</detectionScore></element><element><id>43</id><category>floor</category><bounds><corner1>-2.56999969, -0.025     , -3.90999985</corner1><corner2> 2.56999969,  0.025     ,  3.90999985</corner2></bounds><pose><translation>-1.3727991, -1.475    ,  1.4418988</translation><rotation><c1>  0.00000000e+00,   2.22044605e-16,   1.00000000e+00</c1><c2>  0.00000000e+00,   1.00000000e+00,  -2.22044605e-16</c2><c3>-1.,  0.,  0.</c3></rotation></pose><symmetry><x>twoFold</x><y>cylindrical</y><z>twoFold</z></symmetry><detectionScore>-1.0</detectionScore></element><element><id>53</id><category>wall</category><bounds><corner1>-1.29000092, -1.36749995, -0.02499771</corner1><corner2> 1.29000092,  1.36749995,  0.02500153</corner2></bounds><pose><translation>-0.22780244, -0.13250005,  2.74190183</translation><rotation><c1> -2.22044605e-16,   0.00000000e+00,  -1.00000000e+00</c1><c2> 0.,  1.,  0.</c2><c3>  1.00000000e+00,   0.00000000e+00,  -2.22044605e-16</c3></rotation></pose><symmetry><x>none</x><y>twoFold</y><z>none</z></symmetry><detectionScore>-1.0</detectionScore></element><element><id>1078</id><category>trinket</category><bounds><corner1>-0.08, -0.2 , -0.08</corner1><corner2> 0.08,  0.2 ,  0.08</corner2></bounds><pose><translation>-0.53280275, -0.85999973,  3.43189283</translation><rotation><c1> 0.93358042,  0.        ,  0.35836796</c1><c2> 0.,  1.,  0.</c2><c3>-0.35836796,  0.        ,  0.93358042</c3></rotation></pose><symmetry><x>none</x><y>fourFold</y><z>none</z></symmetry><detectionScore>-1.0</detectionScore></element><element><id>1079</id><category>curtain</category><bounds><corner1>-2.44000006, -1.335495  , -0.115     </corner1><corner2> 2.44000006,  1.335495  ,  0.115     </corner2></bounds><pose><translation>-2.73279969, -0.11450501,  3.81189771</translation><rotation><c1> -1.00000000e+00,   0.00000000e+00,  -1.22464685e-16</c1><c2> 0.,  1.,  0.</c2><c3>  1.22464685e-16,   0.00000000e+00,  -1.00000000e+00</c3></rotation></pose><symmetry><x>none</x><y>twoFold</y><z>none</z></symmetry><detectionScore>-1.0</detectionScore></element><element><id>1076</id><category>candle</category><bounds><corner1>-0.14999999, -0.25184053, -0.13500001</corner1><corner2> 0.14999999,  0.2518405 ,  0.13500001</corner2></bounds><pose><translation>-0.47280137, -0.8081595 ,  3.14189954</translation><rotation><c1> 1.,  0.,  0.</c1><c2> 0.,  1.,  0.</c2><c3> 0.,  0.,  1.</c3></rotation></pose><symmetry><x>none</x><y>cylindrical</y><z>none</z></symmetry><detectionScore>-1.0</detectionScore></element><element><id>47</id><category>wall</category><bounds><corner1>-3.93000031, -1.36749995, -0.02500153</corner1><corner2> 3.93000031,  1.36749995,  0.02499771</corner2></bounds><pose><translation>-1.37279908, -0.13250005, -1.08310275</translation><rotation><c1>-1.,  0.,  0.</c1><c2> 0.,  1.,  0.</c2><c3> 0.,  0., -1.</c3></rotation></pose><symmetry><x>none</x><y>twoFold</y><z>none</z></symmetry><detectionScore>-1.0</detectionScore></element><element><id>1074</id><category>xbox</category><bounds><corner1>-0.185001  , -0.13500001, -0.150004  </corner1><corner2> 0.185001  ,  0.13500001,  0.150004  </corner2></bounds><pose><translation>-0.4828427 , -0.92499997,  2.69189778</translation><rotation><c1>  2.22044605e-16,   0.00000000e+00,   1.00000000e+00</c1><c2> 0.,  1.,  0.</c2><c3> -1.00000000e+00,   0.00000000e+00,   2.22044605e-16</c3></rotation></pose><symmetry><x>none</x><y>cylindrical</y><z>none</z></symmetry><detectionScore>-1.0</detectionScore></element><element><id>45</id><category>ceiling</category><bounds><corner1>-2.56999969, -0.0250001 , -3.90999985</corner1><corner2> 2.56999969,  0.02499986,  3.90999985</corner2></bounds><pose><translation>-1.37279908,  1.21500015,  1.44189878</translation><rotation><c1>  0.00000000e+00,   2.22044605e-16,   1.00000000e+00</c1><c2>  0.00000000e+00,   1.00000000e+00,  -2.22044605e-16</c2><c3>-1.,  0.,  0.</c3></rotation></pose><symmetry><x>twoFold</x><y>cylindrical</y><z>twoFold</z></symmetry><detectionScore>-1.0</detectionScore></element><element><id>1073</id><category>playstation</category><bounds><corner1>-0.14497399, -0.0569185 , -0.144997  </corner1><corner2> 0.14497399,  0.05691851,  0.144997  </corner2></bounds><pose><translation>-0.46279924, -1.00308124,  2.23189969</translation><rotation><c1>  2.22044605e-16,   0.00000000e+00,   1.00000000e+00</c1><c2> 0.,  1.,  0.</c2><c3> -1.00000000e+00,   0.00000000e+00,   2.22044605e-16</c3></rotation></pose><symmetry><x>none</x><y>fourFold</y><z>none</z></symmetry><detectionScore>-1.0</detectionScore></element><element><id>1070</id><category>plant</category><bounds><corner1>-0.0650002 , -0.13512699, -0.0600021 </corner1><corner2> 0.0650002 ,  0.13512699,  0.0600021 </corner2></bounds><pose><translation>-2.82279985, -0.86487277,  2.05189939</translation><rotation><c1> 1.,  0.,  0.</c1><c2> 0.,  1.,  0.</c2><c3> 0.,  0.,  1.</c3></rotation></pose><symmetry><x>none</x><y>cylindrical</y><z>none</z></symmetry><detectionScore>-1.0</detectionScore></element><element><id>1071</id><category>plant</category><bounds><corner1>-0.0650002 , -0.13512699, -0.0600021 </corner1><corner2> 0.0650002 ,  0.13512699,  0.0600021 </corner2></bounds><pose><translation>-2.67280214, -0.86487333,  1.98189969</translation><rotation><c1> 1.,  0.,  0.</c1><c2> 0.,  1.,  0.</c2><c3> 0.,  0.,  1.</c3></rotation></pose><symmetry><x>none</x><y>cylindrical</y><z>none</z></symmetry><detectionScore>-1.0</detectionScore></element><element><id>1075</id><category>tv_stand</category><bounds><corner1>-0.89999998, -0.19499999, -0.2       </corner1><corner2> 0.89999998,  0.19499999,  0.2       </corner2></bounds><pose><translation>-0.47279756, -1.25500001,  2.76189847</translation><rotation><c1>  2.22044605e-16,   0.00000000e+00,   1.00000000e+00</c1><c2> 0.,  1.,  0.</c2><c3> -1.00000000e+00,   0.00000000e+00,   2.22044605e-16</c3></rotation></pose><symmetry><x>none</x><y>none</y><z>none</z></symmetry><detectionScore>-1.0</detectionScore></element><element><id>1090</id><category>door</category><bounds><corner1>-0.53022599, -1.09000003, -0.36500001</corner1><corner2> 0.53022599,  1.09000003,  0.36500001</corner2></bounds><pose><translation> 0.66719802, -0.36999997,  1.196898  </translation><rotation><c1>-1.,  0.,  0.</c1><c2> 0.,  1.,  0.</c2><c3> 0.,  0., -1.</c3></rotation></pose><symmetry><x>twoFold</x><y>twoFold</y><z>twoFold</z></symmetry><detectionScore>-1.0</detectionScore></element><element><id>1069</id><category>coffee_table</category><bounds><corner1>-0.34999999, -0.22495887, -0.34999999</corner1><corner2> 0.34999999,  0.22495885,  0.34999999</corner2></bounds><pose><translation>-2.74280183, -1.22495879,  2.01189847</translation><rotation><c1> 1.,  0.,  0.</c1><c2> 0.,  1.,  0.</c2><c3> 0.,  0.,  1.</c3></rotation></pose><symmetry><x>none</x><y>twoFold</y><z>none</z></symmetry><detectionScore>-1.0</detectionScore></element><element><id>1068</id><category>rug</category><bounds><corner1>-1.75      , -0.01      , -1.99999988</corner1><corner2> 1.75      ,  0.01      ,  1.99999988</corner2></bounds><pose><translation>-2.70280092, -1.44      ,  2.15189786</translation><rotation><c1>  2.22044605e-16,   0.00000000e+00,   1.00000000e+00</c1><c2> 0.,  1.,  0.</c2><c3> -1.00000000e+00,   0.00000000e+00,   1.11022302e-16</c3></rotation></pose><symmetry><x>none</x><y>twoFold</y><z>none</z></symmetry><detectionScore>-1.0</detectionScore></element><element><id>57</id><category>wall</category><bounds><corner1>-2.59000015, -1.36749995, -0.02500153</corner1><corner2> 2.59000015,  1.36749995,  0.02499771</corner2></bounds><pose><translation>-5.23780458, -0.13250005,  1.44189878</translation><rotation><c1> -2.22044605e-16,   0.00000000e+00,   1.00000000e+00</c1><c2> 0.,  1.,  0.</c2><c3> -1.00000000e+00,   0.00000000e+00,  -2.22044605e-16</c3></rotation></pose><symmetry><x>none</x><y>twoFold</y><z>none</z></symmetry><detectionScore>-1.0</detectionScore></element><element><id>49</id><category>wall</category><bounds><corner1>-1.34000015, -1.36749995, -0.02499771</corner1><corner2> 1.34000015,  1.36749995,  0.02500153</corner2></bounds><pose><translation> 2.49219878, -0.13250005,  0.19189878</translation><rotation><c1> -2.22044605e-16,   0.00000000e+00,  -1.00000000e+00</c1><c2> 0.,  1.,  0.</c2><c3>  1.00000000e+00,   0.00000000e+00,  -2.22044605e-16</c3></rotation></pose><symmetry><x>none</x><y>twoFold</y><z>none</z></symmetry><detectionScore>-1.0</detectionScore></element><element><id>1065</id><category>sofa</category><bounds><corner1>-1.51508999, -0.40655354, -1.03508997</corner1><corner2> 1.51508999,  0.40655354,  1.03508997</corner2></bounds><pose><translation>-4.11271076, -1.04344653,  2.31198771</translation><rotation><c1>  2.22044605e-16,   0.00000000e+00,  -1.00000000e+00</c1><c2> 0.,  1.,  0.</c2><c3>  1.00000000e+00,   0.00000000e+00,   2.22044605e-16</c3></rotation></pose><symmetry><x>none</x><y>fourFold</y><z>none</z></symmetry><detectionScore>-1.0</detectionScore></element><element><id>1067</id><category>sofa</category><bounds><corner1>-0.45500001, -0.38110003, -0.44      </corner1><corner2> 0.45500001,  0.3811    ,  0.44      </corner2></bounds><pose><translation>-1.93280046, -1.0689    ,  0.60190244</translation><rotation><c1> 1.,  0.,  0.</c1><c2> 0.,  1.,  0.</c2><c3> 0.,  0.,  1.</c3></rotation></pose><symmetry><x>none</x><y>none</y><z>none</z></symmetry><detectionScore>-1.0</detectionScore></element><element><id>1066</id><category>sofa</category><bounds><corner1>-0.45500001, -0.38110003, -0.44      </corner1><corner2> 0.45500001,  0.3811    ,  0.44      </corner2></bounds><pose><translation>-3.14279954, -1.0689    ,  0.60190244</translation><rotation><c1> 1.,  0.,  0.</c1><c2> 0.,  1.,  0.</c2><c3> 0.,  0.,  1.</c3></rotation></pose><symmetry><x>none</x><y>none</y><z>none</z></symmetry><detectionScore>-1.0</detectionScore></element></elements></scene>